subcentro;maq;fecha;elemento;legajo_operador;producido
BANBY;BY01;2022/07/01;LIMP;F30089001;6
BANBY;BY01;2022/07/01;MB6210;F30089002;40
BANBY;BY01;2022/07/01;MH2000;F30089003;16
BANBY;BY01;2022/07/01;MH249;F30089001;7
BANBY;BY01;2022/07/01;XMH9200;F30089001;3
BANBY;BY03;2022/07/01;FB101;F30089002;18
BANBY;BY03;2022/07/01;FB6211;F30089003;5
BANBY;BY03;2022/07/01;FH251;F30089001;19
BANBY;BY03;2022/07/01;FK70;F30089002;15
BANBY;BY03;2022/07/01;FK9002;F30089003;10
BANBY;BY03;2022/07/01;FMH250;F30089001;19
BANBY;BY03;2022/07/01;FT391;F30089003;14
BANBY;BY03;2022/07/01;FT880RR;F30089001;17
BANBY;BY03;2022/07/01;LM1;F30089002;3
BANBY;BY01;2022/07/02;LIMP;F30089002;3
BANBY;BY01;2022/07/02;MH2000;F30089003;16
BANBY;BY01;2022/07/02;MH249;F30089001;18
BANBY;BY01;2022/07/02;MS619;F30089001;20
BANBY;BY01;2022/07/02;MT886;F30089003;10
BANBY;BY03;2022/07/02;FB41;F30089001;14
BANBY;BY03;2022/07/02;FB6211;F30089002;25
BANBY;BY03;2022/07/02;FS007;F30089002;30
BANBY;BY03;2022/07/02;FS618;F30089003;24
BANBY;BY03;2022/07/02;FT209;F30089001;15
BANBY;BY01;2022/07/03;LIMP;F30089001;3
BANBY;BY01;2022/07/03;MB6210;F30089002;18
BANBY;BY01;2022/07/03;MH2000;F30089003;15
BANBY;BY01;2022/07/03;MH249;F30089001;18
BANBY;BY03;2022/07/03;FB6211;F30089002;20
BANBY;BY03;2022/07/03;FH251;F30089003;18
BANBY;BY03;2022/07/03;FH9616;F30089001;19
BANBY;BY03;2022/07/03;FMH2016;F30089002;19
BANBY;BY03;2022/07/03;FMH250;F30089003;18
BANBY;BY03;2022/07/03;FS618;F30089001;12
BANBY;BY03;2022/07/03;FT683;F30089002;24
BANBY;BY03;2022/07/03;LIMP;F30089003;3
BANBY;BY01;2022/07/04;LM1;F30089002;4
BANBY;BY01;2022/07/04;MB223;F30089003;5
BANBY;BY01;2022/07/04;MH2000;F30089002;19
BANBY;BY01;2022/07/04;MH249;F30089003;17
BANBY;BY03;2022/07/04;FB6211;F30089001;27
BANBY;BY03;2022/07/04;FMH2016;F30089003;6
BANBY;BY03;2022/07/04;FS007;F30089001;30
BANBY;BY03;2022/07/04;FS618;F30089002;24
BANBY;BY01;2022/07/05;MB223;F30089003;7
BANBY;BY01;2022/07/05;MB323;F30089001;5
BANBY;BY01;2022/07/05;MS129;F30089003;11
BANBY;BY01;2022/07/05;MS619;F30089001;20
BANBY;BY01;2022/07/05;MT34;F30089003;10
BANBY;BY03;2022/07/05;FB23;F30089001;13
BANBY;BY03;2022/07/05;FH9616;F30089003;22
BANBY;BY03;2022/07/05;FMH2016;F30089001;16
BANBY;BY03;2022/07/05;FT810;F30089003;1
BANBY;BY03;2022/07/05;LIMP;F30089001;3
BANBY;BY01;2022/07/06;MS006;F30089001;24
BANBY;BY03;2022/07/06;FB6211;F30089001;3
BANBY;BY03;2022/07/06;FH9616;F30089003;4
BANBY;BY03;2022/07/06;FMH250;F30089001;18
BANBY;BY03;2022/07/06;LM1;F30089001;3
BANBY;BY01;2022/07/07;C1209;F30089001;3
BANBY;BY01;2022/07/07;C259;F30089002;5
BANBY;BY01;2022/07/07;LM1;F30089001;3
BANBY;BY01;2022/07/07;MB6210;F30089002;10
BANBY;BY01;2022/07/07;MC1210;F30089003;3
BANBY;BY01;2022/07/07;MC1211;F30089001;3
BANBY;BY01;2022/07/07;MC46;F30089002;5
BANBY;BY01;2022/07/07;MS006;F30089001;25
BANBY;BY01;2022/07/07;MS619;F30089002;2
BANBY;BY01;2022/07/07;XMH9200;F30089003;3
BANBY;BY01;2022/07/08;LM1;F30089002;4
BANBY;BY01;2022/07/08;MB6210;F30089003;20
BANBY;BY01;2022/07/08;MH2000;F30089001;15
BANBY;BY01;2022/07/08;MH249;F30089002;18
BANBY;BY01;2022/07/08;MT1775;F30089002;15
BANBY;BY01;2022/07/08;MT8221;F30089003;1
BANBY;BY03;2022/07/08;FH9616;F30089002;16
BANBY;BY03;2022/07/08;FS618;F30089003;25
BANBY;BY03;2022/07/08;FT33;F30089001;3
BANBY;BY03;2022/07/08;LIMP;F30089002;3
BANBY;BY01;2022/07/10;LM2;F30089003;4
BANBY;BY01;2022/07/10;MB6210;F30089001;13
BANBY;BY01;2022/07/10;MH2000;F30089002;15
BANBY;BY01;2022/07/10;MH249;F30089003;36
BANBY;BY01;2022/07/10;MT1391;F30089003;12
BANBY;BY01;2022/07/11;MB102;F30089003;20
BANBY;BY01;2022/07/11;MB6210;F30089001;20
BANBY;BY01;2022/07/11;MS006;F30089002;18
BANBY;BY01;2022/07/11;MS619;F30089003;20
BANBY;BY03;2022/07/11;FB41;F30089001;16
BANBY;BY03;2022/07/11;FH251;F30089002;22
BANBY;BY03;2022/07/11;FMH250;F30089003;6
BANBY;BY03;2022/07/11;FS007;F30089001;5
BANBY;BY03;2022/07/11;FT209;F30089002;16
BANBY;BY03;2022/07/11;FT391;F30089003;13
BANBY;BY03;2022/07/11;LIMP;F30089001;6
BANBY;BY03;2022/07/11;XFH9202;F30089002;3
BANBY;BY01;2022/07/12;MS006;F30089002;2
BANBY;BY01;2022/07/12;MS619;F30089003;20
BANBY;BY03;2022/07/12;FB6319;F30089001;25
BANBY;BY03;2022/07/12;FH251;F30089002;16
BANBY;BY03;2022/07/12;FH9616;F30089003;21
BANBY;BY03;2022/07/12;FMH2016;F30089001;18
BANBY;BY03;2022/07/12;FMH250;F30089002;17
BANBY;BY03;2022/07/12;FS007;F30089003;7
BANBY;BY03;2022/07/12;LIMP;F30089001;3
BANBY;BY01;2022/07/13;MB6210;F30089003;20
BANBY;BY01;2022/07/13;MH2000;F30089001;7
BANBY;BY01;2022/07/13;MS619;F30089003;40
BANBY;BY01;2022/07/13;MT34;F30089001;15
BANBY;BY03;2022/07/13;FB41;F30089002;16
BANBY;BY03;2022/07/13;FB42;F30089003;12
BANBY;BY03;2022/07/13;FH251N;F30089002;5
BANBY;BY03;2022/07/13;FS007;F30089001;29
BANBY;BY03;2022/07/13;FS618;F30089002;28
BANBY;BY03;2022/07/13;LIMP;F30089003;3
BANBY;BY01;2022/07/14;FLB122;F30089003;5
BANBY;BY01;2022/07/14;FLS007;F30089001;10
BANBY;BY01;2022/07/14;LIMP;F30089002;3
BANBY;BY01;2022/07/14;MH2000;F30089001;4
BANBY;BY01;2022/07/14;MT9590;F30089002;16
BANBY;BY03;2022/07/14;FH251;F30089003;6
BANBY;BY03;2022/07/14;FH9616;F30089001;44
BANBY;BY03;2022/07/14;FMH2016;F30089002;44
BANBY;BY03;2022/07/14;FMH250;F30089003;6
BANBY;BY03;2022/07/14;FT470;F30089001;4
BANBY;BY03;2022/07/14;FT880RR;F30089002;17
BANBY;BY03;2022/07/14;LM2;F30089001;3
BANBY;BY01;2022/07/15;FLH9616;F30089002;36
BANBY;BY01;2022/07/15;MH249;F30089001;8
BANBY;BY03;2022/07/15;FB101;F30089002;25
BANBY;BY03;2022/07/15;FH251;F30089001;16
BANBY;BY03;2022/07/15;FMH250;F30089001;17
BANBY;BY03;2022/07/15;FS007;F30089002;16
BANBY;BY01;2022/07/17;LIMP;F30089001;3
BANBY;BY01;2022/07/17;MB6210;F30089002;20
BANBY;BY01;2022/07/17;MH2000;F30089003;11
BANBY;BY01;2022/07/17;MS006;F30089002;7
BANBY;BY01;2022/07/17;MS619;F30089003;20
BANBY;BY03;2022/07/17;FH251;F30089001;8
BANBY;BY03;2022/07/17;FH9616;F30089002;22
BANBY;BY03;2022/07/17;FMH2016;F30089003;22
BANBY;BY03;2022/07/17;FMH250;F30089001;8
BANBY;BY03;2022/07/17;FS007;F30089002;30
BANBY;BY03;2022/07/17;FS618;F30089003;1
BANBY;BY03;2022/07/17;LIMP;F30089001;4
BANBY;BY03;2022/07/17;LM1;F30089002;3
BANBY;BY01;2022/07/19;MB57;F30089002;15
BANBY;BY01;2022/07/19;MT1391;F30089003;12
BANBY;BY01;2022/07/19;MT1775;F30089001;15
BANBY;BY01;2022/07/19;MT2391;F30089002;13
BANBY;BY01;2022/07/19;MT34;F30089003;14
BANBY;BY03;2022/07/19;FH9616;F30089002;10
BANBY;BY03;2022/07/19;FMH2016;F30089003;21
BANBY;BY03;2022/07/19;FMH250;F30089001;12
BANBY;BY03;2022/07/19;FS618;F30089002;24
BANBY;BY03;2022/07/19;FT33;F30089003;16
BANBY;BY03;2022/07/19;LIMP;F30089001;3
BANBY;BY01;2022/07/20;MH2000;F30089003;18
BANBY;BY01;2022/07/20;MS006;F30089002;25
BANBY;BY01;2022/07/20;MT1212;F30089003;30
BANBY;BY01;2022/07/20;MT34;F30089001;1
BANBY;BY01;2022/07/21;LIMP;F30089002;3
BANBY;BY01;2022/07/21;MB1782;F30089003;20
BANBY;BY01;2022/07/21;MC11;F30089001;1
BANBY;BY01;2022/07/21;MC19;F30089002;1
BANBY;BY01;2022/07/21;MH249;F30089003;14
BANBY;BY01;2022/07/21;MT2391;F30089003;12
BANBY;BY03;2022/07/21;FB101;F30089001;22
BANBY;BY03;2022/07/21;FH251;F30089002;19
BANBY;BY03;2022/07/21;FH9616;F30089003;4
BANBY;BY03;2022/07/21;FMH2016;F30089001;22
BANBY;BY03;2022/07/21;FMH250;F30089002;19
BANBY;BY03;2022/07/21;FT449;F30089003;10
BANBY;BY01;2022/07/22;MS619;F30089001;7
BANBY;BY03;2022/07/22;FH251;F30089002;19
BANBY;BY03;2022/07/22;FH251N;F30089003;3
BANBY;BY03;2022/07/22;FH9616;F30089001;19
BANBY;BY03;2022/07/22;FMH250;F30089003;17
BANBY;BY03;2022/07/22;FS618;F30089001;16
BANBY;BY03;2022/07/22;FT33;F30089002;4
BANBY;BY03;2022/07/22;LIMP;F30089001;3
BANBY;BY01;2022/07/23;LIMP;F30089001;3
BANBY;BY01;2022/07/23;MB102;F30089002;14
BANBY;BY01;2022/07/23;MH2000;F30089003;45
BANBY;BY01;2022/07/23;MH249;F30089001;8
BANBY;BY01;2022/07/23;MT1212;F30089001;15
BANBY;BY03;2022/07/23;FB41;F30089003;16
BANBY;BY03;2022/07/23;FB6211;F30089001;25
BANBY;BY03;2022/07/23;FH9616;F30089002;18
BANBY;BY03;2022/07/23;FMH2016;F30089001;22
BANBY;BY03;2022/07/23;FS618;F30089002;21
BANBY;BY03;2022/07/23;FT391;F30089002;14
BANBY;BY01;2022/07/24;MB57;F30089001;12
BANBY;BY01;2022/07/24;MB6210;F30089002;20
BANBY;BY01;2022/07/24;MS006;F30089002;3
BANBY;BY01;2022/07/24;MT6305;F30089001;25
BANBY;BY01;2022/07/24;MT6306;F30089002;25
BANBY;BY03;2022/07/24;FB6211;F30089003;20
BANBY;BY03;2022/07/24;FH251;F30089002;16
BANBY;BY03;2022/07/24;FH9616;F30089003;22
BANBY;BY03;2022/07/24;FMH2016;F30089001;22
BANBY;BY03;2022/07/24;FMH250;F30089002;16
BANBY;BY03;2022/07/24;FS007;F30089003;27
BANBY;BY03;2022/07/24;LIMP;F30089002;3
BANBY;BY03;2022/07/25;FB41;F30089001;16
BANBY;BY03;2022/07/25;FH251;F30089002;16
BANBY;BY03;2022/07/25;FH9616;F30089003;12
BANBY;BY03;2022/07/25;FMH250;F30089002;12
BANBY;BY03;2022/07/25;FS007;F30089003;9
BANBY;BY03;2022/07/25;FT449;F30089001;17
BANBY;BY03;2022/07/25;LIMP;F30089002;9
BANBY;BY01;2022/07/26;MB323;F30089003;12
BANBY;BY01;2022/07/26;MB6210;F30089001;20
BANBY;BY01;2022/07/26;MH2000;F30089002;14
BANBY;BY01;2022/07/27;LIMP;F30089003;3
BANBY;BY01;2022/07/27;MH2000;F30089001;15
BANBY;BY01;2022/07/27;MH249;F30089002;3
BANBY;BY01;2022/07/27;MS619;F30089001;20
BANBY;BY01;2022/07/27;XMH5516;F30089002;3
BANBY;BY03;2022/07/27;FB23;F30089003;13
BANBY;BY03;2022/07/27;FH9616;F30089002;27
BANBY;BY03;2022/07/27;FMH2016;F30089003;20
BANBY;BY03;2022/07/27;FS007;F30089002;19
BANBY;BY03;2022/07/27;FT209;F30089003;15
BANBY;BY03;2022/07/27;LIMP;F30089002;3
BANBY;BY03;2022/07/28;FB6211;F30089001;20
BANBY;BY03;2022/07/28;FH251;F30089002;32
BANBY;BY03;2022/07/28;FMH2016;F30089001;4
BANBY;BY03;2022/07/28;FMH250;F30089002;16
BANBY;BY03;2022/07/28;FT470;F30089001;24
BANBY;BY03;2022/07/28;LIMP;F30089002;3
BANBY;BY01;2022/07/29;MB102;F30089003;20
BANBY;BY01;2022/07/29;MS006;F30089003;25
BANBY;BY01;2022/07/29;MS619;F30089001;20
BANBY;BY01;2022/07/29;MT1775;F30089002;15
BANBY;BY03;2022/07/29;FB6211;F30089002;3
BANBY;BY03;2022/07/30;FB6319;F30089001;24
BANBY;BY03;2022/07/30;FMH2016;F30089001;2
BANBY;BY03;2022/07/30;FS618;F30089003;26
BANBY;BY03;2022/07/30;FT449;F30089001;16
BANBY;BY03;2022/07/30;FT470;F30089002;24
BANBY;BY03;2022/07/31;FH251;F30089001;22
BANBY;BY03;2022/07/31;FH9616;F30089002;22
BANBY;BY03;2022/07/31;FMH2016;F30089003;22
BANBY;BY03;2022/07/31;FMH250;F30089001;16
BANBY;BY03;2022/07/31;FT391;F30089002;8
BANBY;BY03;2022/07/31;LIMP;F30089003;3
BANBY;BY03;2022/08/01;FB6211;F30089002;29
BANBY;BY03;2022/08/01;FH9616;F30089001;23
BANBY;BY03;2022/08/01;FMH2016;F30089002;22
BANBY;BY01;2022/08/02;LM1;F30089001;3
BANBY;BY01;2022/08/02;XMH5516;F30089001;3
BANBY;BY03;2022/08/02;FB42;F30089003;14
BANBY;BY03;2022/08/02;FB6319;F30089001;23
BANBY;BY03;2022/08/02;FT470;F30089002;24
BANBY;BY03;2022/08/02;LM1;F30089001;2
BANBY;BY01;2022/08/04;LM1;F30089002;3
BANBY;BY01;2022/08/04;MH2000;F30089001;15
BANBY;BY01;2022/08/04;MH249;F30089002;36
BANBY;BY01;2022/08/04;MS619;F30089003;6
BANBY;BY01;2022/08/05;MS006;F30089001;22
BANBY;BY01;2022/08/05;MS619;F30089002;16
BANBY;BY03;2022/08/05;FB6211;F30089003;19
BANBY;BY03;2022/08/05;FH251;F30089001;22
BANBY;BY03;2022/08/05;LM2;F30089002;3
BANBY;BY03;2022/08/06;FB101;F30089003;3
BANBY;BY03;2022/08/06;FH251;F30089001;40
BANBY;BY03;2022/08/06;FH9616;F30089002;23
BANBY;BY03;2022/08/06;FMH250;F30089003;17
BANBY;BY03;2022/08/06;FS3;F30089002;2
BANBY;BY03;2022/08/06;LIMP;F30089001;3
BANBY;BY01;2022/08/07;LM1;F30089002;3
BANBY;BY01;2022/08/07;MH249;F30089001;18
BANBY;BY01;2022/08/07;MS006;F30089002;19
BANBY;BY01;2022/08/07;MS619;F30089003;14
BANBY;BY01;2022/08/07;MT1212;F30089001;15
BANBY;BY01;2022/08/08;C207;F30089003;3
BANBY;BY01;2022/08/08;MS006;F30089001;25
BANBY;BY01;2022/08/08;MT1775;F30089001;7
BANBY;BY03;2022/08/08;FB41;F30089003;16
BANBY;BY03;2022/08/08;FB6211;F30089001;10
BANBY;BY03;2022/08/08;FMH2016;F30089003;10
BANBY;BY03;2022/08/08;FMH250;F30089001;19
BANBY;BY03;2022/08/08;FS618;F30089002;4
BANBY;BY03;2022/08/08;FT470;F30089003;24
BANBY;BY01;2022/08/09;MB6210;F30089001;20
BANBY;BY01;2022/08/09;MC33;F30089002;3
BANBY;BY01;2022/08/09;MH2000;F30089003;4
BANBY;BY01;2022/08/09;MS619;F30089002;20
BANBY;BY01;2022/08/09;MT1212;F30089003;15
BANBY;BY01;2022/08/09;MT2391;F30089001;13
BANBY;BY03;2022/08/09;FH251;F30089003;38
BANBY;BY03;2022/08/09;FH9616;F30089001;6
BANBY;BY03;2022/08/09;FMH2016;F30089002;12
BANBY;BY03;2022/08/09;FMH250;F30089003;19
BANBY;BY01;2022/08/11;LM2;F30089002;3
BANBY;BY01;2022/08/11;MS619;F30089002;20
BANBY;BY01;2022/08/11;MT1391;F30089003;12
BANBY;BY01;2022/08/11;MT2391;F30089001;13
BANBY;BY03;2022/08/11;FB6211;F30089002;11
BANBY;BY03;2022/08/11;FT470;F30089002;44
BANBY;BY01;2022/08/12;C207;F30089002;1
BANBY;BY01;2022/08/12;LIMP;F30089001;3
BANBY;BY01;2022/08/12;MB6210;F30089002;40
BANBY;BY01;2022/08/12;MH249;F30089001;18
BANBY;BY03;2022/08/12;FB6211;F30089001;26
BANBY;BY03;2022/08/12;FH251;F30089002;18
BANBY;BY03;2022/08/12;FH9616;F30089003;23
BANBY;BY03;2022/08/12;FT391;F30089003;14
BANBY;BY03;2022/08/12;LM2;F30089002;3
BANBY;BY01;2022/08/14;LIMP;F30089001;3
BANBY;BY01;2022/08/14;MB6210;F30089002;20
BANBY;BY01;2022/08/14;MH2000;F30089003;15
BANBY;BY01;2022/08/14;MS006;F30089002;6
BANBY;BY01;2022/08/14;MS619;F30089003;20
BANBY;BY03;2022/08/14;FB6319;F30089001;24
BANBY;BY03;2022/08/14;FH251;F30089002;11
BANBY;BY03;2022/08/14;FH9616;F30089003;28
BANBY;BY03;2022/08/14;FMH2016;F30089001;28
BANBY;BY03;2022/08/14;LM2;F30089003;3
BANBY;BY01;2022/08/16;C259;F30089002;1
BANBY;BY03;2022/08/16;FB41;F30089003;5
BANBY;BY03;2022/08/16;FH251;F30089001;5
BANBY;BY03;2022/08/16;FMH2016;F30089003;22
BANBY;BY03;2022/08/16;FMH250;F30089001;36
BANBY;BY03;2022/08/16;FS618;F30089002;26
BANBY;BY01;2022/08/17;MH2000;F30089001;15
BANBY;BY01;2022/08/17;MH249;F30089002;36
BANBY;BY01;2022/08/19;LIMP;F30089003;3
BANBY;BY01;2022/08/19;MH2000;F30089001;25
BANBY;BY01;2022/08/19;MH249;F30089002;18
BANBY;BY01;2022/08/19;MT1212;F30089001;10
BANBY;BY01;2022/08/20;MH249;F30089003;10
BANBY;BY01;2022/08/20;MS619;F30089001;20
BANBY;BY01;2022/08/20;MT1212;F30089002;5
BANBY;BY01;2022/08/20;MT1775;F30089003;15
BANBY;BY03;2022/08/20;FH9616;F30089002;10
BANBY;BY03;2022/08/21;FB41;F30089003;15
BANBY;BY03;2022/08/21;FB6211;F30089001;45
BANBY;BY03;2022/08/21;FS618;F30089001;24
BANBY;BY03;2022/08/21;FT1774RR;F30089002;4
BANBY;BY03;2022/08/21;LM1;F30089002;3
BANBY;BY03;2022/08/22;FB101;F30089002;19
BANBY;BY03;2022/08/22;FB6319;F30089001;24
BANBY;BY03;2022/08/22;FH9616;F30089002;12
BANBY;BY03;2022/08/22;FMH2016;F30089003;12
BANBY;BY03;2022/08/22;FT209;F30089002;14
BANBY;BY03;2022/08/22;LIMP;F30089001;3
BANBY;BY01;2022/08/23;LIMP;F30089002;3
BANBY;BY01;2022/08/23;MH2000;F30089003;8
BANBY;BY01;2022/08/23;MH249;F30089001;7
BANBY;BY01;2022/08/23;MS619;F30089002;20
BANBY;BY03;2022/08/23;FH251;F30089003;12
BANBY;BY03;2022/08/23;FH9616;F30089001;20
BANBY;BY03;2022/08/23;FMH2016;F30089002;8
BANBY;BY03;2022/08/24;FMH2016;F30089002;17
BANBY;BY01;2022/08/25;MB6210;F30089001;20
BANBY;BY01;2022/08/25;MH2000;F30089002;14
BANBY;BY01;2022/08/25;MH249;F30089003;24
BANBY;BY01;2022/08/25;MS619;F30089001;1
BANBY;BY01;2022/08/26;MS619;F30089001;38
BANBY;BY03;2022/08/26;FS618;F30089001;14
BANBY;BY03;2022/08/26;FT209;F30089002;15
BANBY;BY03;2022/08/27;FH9616;F30089003;33
BANBY;BY03;2022/08/27;FMH2016;F30089001;5
BANBY;BY03;2022/08/27;FT470;F30089003;50
BANBY;BY03;2022/08/27;LIMP;F30089002;3
BANBY;BY01;2022/08/28;FT810;F30089003;10
BANBY;BY01;2022/08/28;LIMP;F30089001;3
BANBY;BY01;2022/08/28;MH2000;F30089002;28
BANBY;BY03;2022/08/28;FH251;F30089001;15
BANBY;BY03;2022/08/28;FMH250;F30089002;4
BANBY;BY01;2022/08/29;LIMP;F30089001;3
BANBY;BY01;2022/08/29;MB6210;F30089003;20
BANBY;BY01;2022/08/29;MH249;F30089002;17
BANBY;BY01;2022/08/29;MS006;F30089003;25
BANBY;BY01;2022/08/29;MS619;F30089001;20
BANBY;BY01;2022/08/30;LIMP;F30089003;3
BANBY;BY01;2022/08/30;MB1782;F30089001;20
BANBY;BY01;2022/08/30;MH2000;F30089002;15
BANBY;BY01;2022/08/30;MH249;F30089003;8
BANBY;BY01;2022/08/30;MT1391;F30089001;12
BANBY;BY01;2022/08/31;FLH5136;F30089003;6
BANBY;BY01;2022/08/31;FLT7221;F30089001;42
BANBY;BY03;2022/08/31;FH251;F30089003;8
BANBY;BY03;2022/08/31;FH9616;F30089001;25
BANBY;BY03;2022/08/31;FK70;F30089002;16
TOBDIA;TC02;2022/07/11;R425;F30089003;160
TOBDIA;TC02;2022/07/11;R682;F30089002;104
TOBDIA;TC02;2022/07/11;R701;F30089003;92
TOBDIA;TC02;2022/07/11;R770;F30089001;34
TOBDIA;TC02;2022/07/11;R807;F30089002;76
TOBDIA;TC02;2022/07/11;R827;F30089002;77
TOBDIA;TC02;2022/07/11;R842A;F30089003;20
TOBDIA;TC02;2022/07/11;R843;F30089002;20
TOBDIA;TC02;2022/07/11;R846A;F30089003;9
TOBDIA;TC02;2022/07/11;R846B;F30089001;12
TOBDIA;TC02;2022/07/11;R847A;F30089002;13
TOBDIA;TC02;2022/07/12;R701;F30089002;129
TOBDIA;TC02;2022/07/12;R771;F30089003;104
TOBDIA;TC02;2022/07/12;R788;F30089002;110
TOBDIA;TC02;2022/07/12;R842B;F30089003;34
TOBDIA;TC02;2022/07/12;R844A;F30089001;20
TOBDIA;TC02;2022/07/12;R844B;F30089002;20
TOBDIA;TC02;2022/07/12;R845A;F30089002;19
TOBDIA;TC02;2022/07/12;R845B;F30089003;21
TOBDIA;TC02;2022/07/13;CT230;F30089002;12
TOBDIA;TC02;2022/07/13;CT260;F30089003;12
TOBDIA;TC02;2022/07/13;R682;F30089001;112
TOBDIA;TC02;2022/07/13;R827;F30089002;34
TOBDIA;TC02;2022/07/13;R842A;F30089002;18
TOBDIA;TC02;2022/07/13;R843;F30089003;17
TOBDIA;TC02;2022/07/14;R430;F30089002;42
TOBDIA;TC02;2022/07/14;R776;F30089002;40
TOBDIA;TC02;2022/07/14;R807;F30089002;76
TOBDIA;TC02;2022/07/14;R844A;F30089003;19
TOBDIA;TC02;2022/07/14;R844B;F30089002;19
TOBDIA;TC02;2022/07/14;R845A;F30089003;19
TOBDIA;TC02;2022/07/14;R845B;F30089001;21
TOBDIA;TC02;2022/07/15;CT234;F30089002;13
TOBDIA;TC02;2022/07/15;CT242;F30089002;6
TOBDIA;TC02;2022/07/15;R430;F30089003;80
TOBDIA;TC02;2022/07/15;R682;F30089002;98
TOBDIA;TC02;2022/07/15;R771;F30089003;104
TOBDIA;TC02;2022/07/15;R772;F30089001;84
TOBDIA;TC02;2022/07/15;R776;F30089002;19
TOBDIA;TC02;2022/07/15;R827;F30089002;38
TOBDIA;TC02;2022/07/15;R842A;F30089003;20
TOBDIA;TC02;2022/07/15;R842B;F30089002;19
TOBDIA;TC02;2022/07/15;R843;F30089003;18
TOBDIA;TC02;2022/07/19;R430;F30089001;43
TOBDIA;TC02;2022/07/19;R723;F30089002;104
TOBDIA;TC02;2022/07/19;R724;F30089002;54
TOBDIA;TC02;2022/07/19;R742;F30089003;40
TOBDIA;TC02;2022/07/19;R827;F30089002;28
TOBDIA;TC02;2022/07/19;R842A;F30089003;21
TOBDIA;TC02;2022/07/19;R842B;F30089001;20
TOBDIA;TC02;2022/07/19;R843;F30089002;20
TOBDIA;TC02;2022/07/19;R844A;F30089002;20
TOBDIA;TC02;2022/07/19;R844B;F30089003;20
TOBDIA;TC02;2022/07/19;R845A;F30089002;18
TOBDIA;TC02;2022/07/19;R845B;F30089003;21
TOBDIA;TC02;2022/07/21;CT223;F30089002;6
TOBDIA;TC02;2022/07/21;CT260;F30089002;17
TOBDIA;TC02;2022/07/21;R430;F30089003;76
TOBDIA;TC02;2022/07/21;R682;F30089002;104
TOBDIA;TC02;2022/07/21;R723;F30089003;104
TOBDIA;TC02;2022/07/21;R724;F30089001;104
TOBDIA;TC02;2022/07/21;R742;F30089002;40
TOBDIA;TC02;2022/07/21;R772;F30089002;102
TOBDIA;TC02;2022/07/21;R807;F30089003;40
TOBDIA;TC02;2022/07/21;R827;F30089002;62
TOBDIA;TC02;2022/07/21;R843;F30089003;17
TOBDIA;TC02;2022/07/22;CT234;F30089001;12
TOBDIA;TC02;2022/07/22;CT240;F30089002;4
TOBDIA;TC02;2022/07/22;R723;F30089003;104
TOBDIA;TC02;2022/07/23;CT243;F30089001;17
TOBDIA;TC02;2022/07/23;CT260;F30089002;18
TOBDIA;TC02;2022/07/23;R741;F30089003;20
TOBDIA;TC02;2022/07/23;R742;F30089002;20
TOBDIA;TC02;2022/07/23;R827;F30089002;58
TOBDIA;TC02;2022/07/23;R843;F30089002;40
TOBDIA;TC02;2022/07/23;R844A;F30089003;17
TOBDIA;TC02;2022/07/23;R844B;F30089002;20
TOBDIA;TC02;2022/07/23;R845A;F30089003;37
TOBDIA;TC02;2022/07/23;R845B;F30089001;20
TOBDIA;TC02;2022/07/25;CT223;F30089002;6
TOBDIA;TC02;2022/07/25;CT230;F30089002;6
TOBDIA;TC02;2022/07/25;CT234;F30089003;6
TOBDIA;TC02;2022/07/25;CT240;F30089002;12
TOBDIA;TC02;2022/07/25;CT248;F30089003;12
TOBDIA;TC02;2022/07/27;CT223;F30089002;6
TOBDIA;TC02;2022/07/27;CT234;F30089003;6
TOBDIA;TC02;2022/07/27;CT243;F30089002;12
TOBDIA;TC02;2022/07/27;CT260;F30089003;12
TOBDIA;TC02;2022/07/28;CT224;F30089003;12
TOBDIA;TC02;2022/07/28;CT230;F30089001;12
TOBDIA;TC02;2022/07/28;CT234;F30089002;12
TOBDIA;TC02;2022/07/28;CT240;F30089002;12
TOBDIA;TC02;2022/07/28;CT243;F30089003;12
TOBDIA;TC02;2022/07/28;CT260;F30089002;12
TOBDIA;TC02;2022/07/29;CT224;F30089002;12
TOBDIA;TC02;2022/07/29;CT230;F30089003;12
TOBDIA;TC02;2022/07/29;CT234;F30089002;12
TOBDIA;TC02;2022/07/29;CT248;F30089003;12
TOBDIA;TC02;2022/08/06;CT230;F30089001;12
TOBDIA;TC02;2022/08/06;CT242;F30089002;12
TOBDIA;TC02;2022/08/06;CT243;F30089002;12
TOBDIA;TC02;2022/08/06;CT248;F30089003;12
TOBDIA;TC02;2022/08/06;CT260;F30089002;12
TOBDIA;TC02;2022/08/22;R743;F30089003;20
TOBDIA;TC02;2022/08/22;R773;F30089003;52
TOBDIA;TC02;2022/08/22;R788;F30089001;22
TOBDIA;TC02;2022/08/22;R791;F30089002;51
TOBDIA;TC02;2022/08/22;R833;F30089002;36
TOBDIA;TC02;2022/08/22;R842A;F30089003;6
TOBDIA;TC02;2022/08/22;R842B;F30089002;20
TOBDIA;TC02;2022/08/22;R843;F30089003;17
TOBDIA;TC02;2022/08/22;R844A;F30089001;17
TOBDIA;TC02;2022/08/22;R844B;F30089002;6
TOBDIA;TC02;2022/08/23;R516;F30089002;20
TOBDIA;TC02;2022/08/23;R614;F30089003;94
TOBDIA;TC02;2022/08/23;R719;F30089002;96
TOBDIA;TC02;2022/08/23;R759;F30089001;104
TOBDIA;TC02;2022/08/23;R846A;F30089001;18
TOBDIA;TC02;2022/08/23;R846B;F30089002;17
TOBDIA;TC02;2022/08/23;R847A;F30089002;18
TOBDIA;TC02;2022/08/23;R847B;F30089003;18
TOBDIA;TC02;2022/08/24;R743;F30089003;20
TOBDIA;TC02;2022/08/24;R773;F30089001;51
TOBDIA;TC02;2022/08/24;R785;F30089002;22
TOBDIA;TC02;2022/08/24;R833;F30089003;20
TOBDIA;TC02;2022/08/24;R842A;F30089002;40
TOBDIA;TC02;2022/08/24;R842B;F30089003;16
TOBDIA;TC02;2022/08/24;R843;F30089001;18
TOBDIA;TC02;2022/08/25;R450;F30089003;81
TOBDIA;TC02;2022/08/25;R614;F30089002;52
TOBDIA;TC02;2022/08/25;R719;F30089003;45
TOBDIA;TC02;2022/08/25;R743;F30089001;18
TOBDIA;TC02;2022/08/25;R773;F30089002;48
TOBDIA;TC02;2022/08/25;R785;F30089002;72
TOBDIA;TC02;2022/08/25;R791;F30089003;40
TOBDIA;TC02;2022/08/25;R833;F30089002;32
TOBDIA;TC02;2022/08/25;R842B;F30089003;16
TOBDIA;TC02;2022/08/25;R843;F30089001;18
TOBDIA;TC02;2022/08/25;R846A;F30089002;19
TOBDIA;TC02;2022/08/25;R846B;F30089002;17
TOBDIA;TC02;2022/08/25;R847A;F30089003;17
TOBDIA;TC02;2022/08/25;R847B;F30089002;19
TOBDIA;TC02;2022/08/26;R450;F30089003;40
TOBDIA;TC02;2022/08/26;R614;F30089001;52
TOBDIA;TC02;2022/08/26;R771;F30089002;104
TOBDIA;TC02;2022/08/26;R785;F30089003;78
TOBDIA;TC02;2022/08/26;R810;F30089003;21
TOBDIA;TC02;2022/08/26;R811A;F30089001;14
TOBDIA;TC02;2022/08/26;R811B;F30089002;14
TOBDIA;TC02;2022/08/26;R833;F30089002;28
TOBDIA;TC02;2022/08/29;R450;F30089002;40
TOBDIA;TC02;2022/08/29;R719;F30089002;104
TOBDIA;TC02;2022/08/29;R743;F30089003;40
TOBDIA;TC02;2022/08/29;R759;F30089002;98
TOBDIA;TC02;2022/08/29;R773;F30089003;32
TOBDIA;TC02;2022/08/29;R785;F30089001;74
TOBDIA;TC02;2022/08/29;R791;F30089002;35
TOBDIA;TC02;2022/08/29;R810;F30089002;34
TOBDIA;TC02;2022/08/29;R811A;F30089003;17
TOBDIA;TC02;2022/08/29;R811B;F30089002;16
TOBDIA;TC02;2022/08/29;R833;F30089003;32
TOBDIA;TC02;2022/08/29;R842A;F30089001;20
TOBDIA;TC02;2022/08/29;R842B;F30089002;20
TOBDIA;TC02;2022/08/29;R843;F30089002;19
TOBDIA;TC02;2022/08/30;R450;F30089003;40
TOBDIA;TC02;2022/08/30;R614;F30089002;100
TOBDIA;TC02;2022/08/30;R719;F30089003;104
TOBDIA;TC02;2022/08/30;R773;F30089001;65
TOBDIA;TC02;2022/08/30;R785;F30089002;62
TOBDIA;TC02;2022/08/30;R791;F30089002;39
TOBDIA;TC02;2022/08/30;R833;F30089003;34
TOBDIA;TC02;2022/08/30;R842B;F30089002;18
TOBDIA;TC02;2022/08/30;R848;F30089003;20
TOBDIA;TC02;2022/08/31;R450;F30089001;82
TOBDIA;TC02;2022/08/31;R743;F30089002;20
TOBDIA;TC02;2022/08/31;R759;F30089002;100
TOBDIA;TC02;2022/08/31;R773;F30089003;104
TOBDIA;TC02;2022/08/31;R785;F30089002;72
TOBDIA;TC02;2022/08/31;R791;F30089003;34
TOBDIA;TC02;2022/08/31;R810;F30089001;18
TOBDIA;TC02;2022/08/31;R811A;F30089002;16
TOBDIA;TC02;2022/08/31;R811B;F30089002;15
TOBDIA;TC02;2022/08/31;R842A;F30089003;18
